{"Guassian-Smooth-sigma=2p5:F": 2.4211156335809094, "Guassian-Smooth-sigma=2p5:AMZN": 8.826761579692914, "Guassian-Smooth-sigma=2p5:MRK": 4.330089130019324}