{"Rowan-MinMax-Guassian-Smooth-sigma=5:F": 26121.533986929317, "Rowan-MinMax-Guassian-Smooth-sigma=5:AMZN": 2564.034159576735, "Rowan-MinMax-Guassian-Smooth-sigma=5:MRK": 6493.680771441402}