{"R2": {"AdaBoostRegressor:AMZN": 0.3446764351337842, "AdaBoostRegressor:MSFT": 0.29482979170605916, "AdaBoostRegressor:GOOGL": 0.3733835865595464, "AdaBoostRegressor:DPZ": 0.3354966871363002, "AdaBoostRegressor:DIS": 0.37096168605115554, "AdaBoostRegressor:TMO": 0.32099235275446025}, "MAPE": {"AdaBoostRegressor:AMZN": 1.4019608354637847, "AdaBoostRegressor:MSFT": 1.2410196612499302, "AdaBoostRegressor:GOOGL": 1.2105301345197639, "AdaBoostRegressor:DPZ": 1.0632821362846432, "AdaBoostRegressor:DIS": 0.9897942928164806, "AdaBoostRegressor:TMO": 1.0029523810266188}}