{"R2": {"GradientBoostRegressor:AMZN": 0.3446764351337842, "GradientBoostRegressor:MSFT": 0.29482979170605916, "GradientBoostRegressor:GOOGL": 0.3733835865595464, "GradientBoostRegressor:DPZ": 0.3354966871363002, "GradientBoostRegressor:DIS": 0.37096168605115554, "GradientBoostRegressor:TMO": 0.32099235275446025}, "MAPE": {"GradientBoostRegressor:AMZN": 1.4019608354637847, "GradientBoostRegressor:MSFT": 1.2410196612499302, "GradientBoostRegressor:GOOGL": 1.2105301345197639, "GradientBoostRegressor:DPZ": 1.0632821362846432, "GradientBoostRegressor:DIS": 0.9897942928164806, "GradientBoostRegressor:TMO": 1.0029523810266188}}