{"R2": {"GradientBoostRegressor:AAPL": 0.352677420461073, "GradientBoostRegressor:IBM": 0.3271395793484876}, "MAPE": {"GradientBoostRegressor:AAPL": 2.0230188313269584, "GradientBoostRegressor:IBM": 0.6893017332388413}}