{"R2": {"AdaBoostRegressor:AMZN": 0.30688230528674243, "AdaBoostRegressor:MSFT": 0.2996853260409372, "AdaBoostRegressor:GOOGL": 0.23470587642170004, "AdaBoostRegressor:DPZ": 0.26520763941092734, "AdaBoostRegressor:DIS": 0.20279716709893605, "AdaBoostRegressor:TMO": 0.27003589733308603, "AdaBoostRegressor:AAPL": 0.2734213715670462, "AdaBoostRegressor:IBM": 0.30475039822139605, "AdaBoostRegressor:SPY": 0.29124045327142173, "AdaBoostRegressor:CMCSA": 0.3032818358292332, "AdaBoostRegressor:TSLA": 0.3346742748557643, "AdaBoostRegressor:PFE": 0.36129502938376357, "AdaBoostRegressor:PLUG": 0.37408052964126837}, "MAPE": {"AdaBoostRegressor:AMZN": 0.9554614701274611, "AdaBoostRegressor:MSFT": 1.0023139215192256, "AdaBoostRegressor:GOOGL": 1.1785559179477716, "AdaBoostRegressor:DPZ": 1.2499516224108715, "AdaBoostRegressor:DIS": 1.0197163842910686, "AdaBoostRegressor:TMO": 1.0475901776022716, "AdaBoostRegressor:AAPL": 1.2199176506361633, "AdaBoostRegressor:IBM": 1.0329671450414435, "AdaBoostRegressor:SPY": 0.6323094305737631, "AdaBoostRegressor:CMCSA": 0.9302860816705005, "AdaBoostRegressor:TSLA": 2.286164278851, "AdaBoostRegressor:PFE": 0.9702245232017237, "AdaBoostRegressor:PLUG": 2.14556733918688}}