{"R2": {"AdaBoostRegressor:AMZN": -0.022152499909371383, "AdaBoostRegressor:MSFT": 0.0824423162812959, "AdaBoostRegressor:GOOGL": 0.03631564587562617, "AdaBoostRegressor:DPZ": -0.05175551718290842, "AdaBoostRegressor:DIS": 0.05752479123961829, "AdaBoostRegressor:TMO": 0.1249616576313894, "AdaBoostRegressor:AAPL": 0.09013184089804518, "AdaBoostRegressor:IBM": 0.04582764351719746, "AdaBoostRegressor:SPY": -0.0009076953568411206, "AdaBoostRegressor:CMCSA": -0.07855430848113504, "AdaBoostRegressor:TSLA": 0.0934086022975322, "AdaBoostRegressor:PFE": -0.018623386956001586, "AdaBoostRegressor:PLUG": -0.0961891273065339}, "MAPE": {"AdaBoostRegressor:AMZN": 0.8111429929608871, "AdaBoostRegressor:MSFT": 0.9069645585271303, "AdaBoostRegressor:GOOGL": 0.8932214369359668, "AdaBoostRegressor:DPZ": 1.1832038441530213, "AdaBoostRegressor:DIS": 1.0892908403354185, "AdaBoostRegressor:TMO": 1.1080578772998806, "AdaBoostRegressor:AAPL": 1.1964579504054744, "AdaBoostRegressor:IBM": 0.9544262648906493, "AdaBoostRegressor:SPY": 0.5729578709437242, "AdaBoostRegressor:CMCSA": 0.9665497290382902, "AdaBoostRegressor:TSLA": 2.1967122823842073, "AdaBoostRegressor:PFE": 0.8218394648639121, "AdaBoostRegressor:PLUG": 2.8279038077318708}}