{"R2": {"GradientBoostRegressor:AMZN": 0.30688230528674243, "GradientBoostRegressor:MSFT": 0.2996853260409372, "GradientBoostRegressor:GOOGL": 0.23470587642170004, "GradientBoostRegressor:DPZ": 0.26520763941092734, "GradientBoostRegressor:DIS": 0.20279716709893605, "GradientBoostRegressor:TMO": 0.27003589733308603, "GradientBoostRegressor:AAPL": 0.2734213715670462, "GradientBoostRegressor:IBM": 0.30475039822139605, "GradientBoostRegressor:SPY": 0.29124045327142173, "GradientBoostRegressor:CMCSA": 0.3032818358292332, "GradientBoostRegressor:TSLA": 0.3346742748557643, "GradientBoostRegressor:PFE": 0.36129502938376357, "GradientBoostRegressor:PLUG": 0.37408052964126837}, "MAPE": {"GradientBoostRegressor:AMZN": 0.9554614701274611, "GradientBoostRegressor:MSFT": 1.0023139215192256, "GradientBoostRegressor:GOOGL": 1.1785559179477716, "GradientBoostRegressor:DPZ": 1.2499516224108715, "GradientBoostRegressor:DIS": 1.0197163842910686, "GradientBoostRegressor:TMO": 1.0475901776022716, "GradientBoostRegressor:AAPL": 1.2199176506361633, "GradientBoostRegressor:IBM": 1.0329671450414435, "GradientBoostRegressor:SPY": 0.6323094305737631, "GradientBoostRegressor:CMCSA": 0.9302860816705005, "GradientBoostRegressor:TSLA": 2.286164278851, "GradientBoostRegressor:PFE": 0.9702245232017237, "GradientBoostRegressor:PLUG": 2.14556733918688}}