{"GHMM-CLOSE:AMZN": 0.9031107829175482, "GHMM-CLOSE:MSFT": 0.8820514779779611, "GHMM-CLOSE:GOOGL": 0.839751982862543, "GHMM-CLOSE:DPZ": 1.161574573407517, "GHMM-CLOSE:DIS": 0.992201482352689, "GHMM-CLOSE:TMO": 1.0878575478707952}