{"GHMM-CLOSE:AMZN": 1.3389250682173102, "GHMM-CLOSE:MSFT": 1.14177350090721, "GHMM-CLOSE:GOOGL": 1.167278884209441, "GHMM-CLOSE:DPZ": 1.1330262320754545, "GHMM-CLOSE:DIS": 0.9503389717976514, "GHMM-CLOSE:TMO": 1.0179204995021727}