{"GHMM:AMZN": 0.7538797536526904, "GHMM:MSFT": 0.6772166297536676, "GHMM:GOOGL": 0.6884515341456139, "GHMM:DPZ": 1.1623435559611268, "GHMM:DIS": 0.7552641791628479, "GHMM:TMO": 0.8583965263542913}