{"SMA-3:AMZN": 1.2489530061435132, "SMA-3:MSFT": 1.1751017304804179, "SMA-3:GOOGL": 1.3942284607652684, "SMA-3:DPZ": 1.5009480883683477, "SMA-3:DIS": 1.1682968985504805, "SMA-3:TMO": 1.3531720359528068}