{"SMA-10:AAPL": 2.463764188274868, "SMA-10:IBM": 0.856237700709775}