{"GHMM-RAW:AMZN": 1.339205306710916, "GHMM-RAW:MSFT": 1.1421072739942557, "GHMM-RAW:GOOGL": 1.1687285167944041, "GHMM-RAW:DPZ": 1.1310614507559738, "GHMM-RAW:DIS": 0.9514925865694646, "GHMM-RAW:TMO": 1.0153467658126631}