{"GHMM-RAW:AMZN": 0.8966739042695202, "GHMM-RAW:MSFT": 0.8841990791226297, "GHMM-RAW:GOOGL": 0.8406079186236989, "GHMM-RAW:DPZ": 1.1615664141010003, "GHMM-RAW:DIS": 0.9952682916196244, "GHMM-RAW:TMO": 1.098995795820591}