{"GHMM-RAW:AAPL": 1.7597871137963474, "GHMM-RAW:IBM": 0.6532987169149709}