{"GHMM-CLOSE:AAPL": 1.7647433239291936, "GHMM-CLOSE:IBM": 0.6517432481110644}