{"R2": {"RandomForestRegressor:AMZN": 0.2887742941256257, "RandomForestRegressor:MSFT": 0.2677181866092512, "RandomForestRegressor:GOOGL": 0.2870246815476587, "RandomForestRegressor:DPZ": 0.24824193915151094, "RandomForestRegressor:DIS": 0.2937965914370132, "RandomForestRegressor:TMO": 0.24575957662358006}, "MAPE": {"RandomForestRegressor:AMZN": 1.4394965279887275, "RandomForestRegressor:MSFT": 1.2476783100644957, "RandomForestRegressor:GOOGL": 1.2681375579882916, "RandomForestRegressor:DPZ": 1.0963622962466484, "RandomForestRegressor:DIS": 1.035344981406795, "RandomForestRegressor:TMO": 1.0206911294366472}}