{"R2": {"RandomForestRegressor:AAPL": 0.30970658058015377, "RandomForestRegressor:IBM": 0.3190317563137497}, "MAPE": {"RandomForestRegressor:AAPL": 1.9661943466716074, "RandomForestRegressor:IBM": 0.6906704742641764}}