{"R2": {"RandomForestRegressor:AMZN": 0.04783850292480968, "RandomForestRegressor:MSFT": 0.104181705043435, "RandomForestRegressor:GOOGL": 0.11417822447938968, "RandomForestRegressor:DPZ": 0.01574035295053596, "RandomForestRegressor:DIS": 0.03836393899313584, "RandomForestRegressor:TMO": 0.14405361873436717, "RandomForestRegressor:AAPL": 0.09235993158791025, "RandomForestRegressor:IBM": 0.044375154658346315, "RandomForestRegressor:SPY": 0.008842805081489213, "RandomForestRegressor:CMCSA": -0.102651440070986, "RandomForestRegressor:TSLA": 0.13283606960570063, "RandomForestRegressor:PFE": 0.032340978131629505, "RandomForestRegressor:PLUG": 0.11275506696731863}, "MAPE": {"RandomForestRegressor:AMZN": 0.7987498787153372, "RandomForestRegressor:MSFT": 0.9142007800916719, "RandomForestRegressor:GOOGL": 0.8809530347710881, "RandomForestRegressor:DPZ": 1.194346983070369, "RandomForestRegressor:DIS": 1.0916099134837496, "RandomForestRegressor:TMO": 1.1311928135332807, "RandomForestRegressor:AAPL": 1.1931324449833292, "RandomForestRegressor:IBM": 0.9423710926420533, "RandomForestRegressor:SPY": 0.5844239051972603, "RandomForestRegressor:CMCSA": 0.9867823260687446, "RandomForestRegressor:TSLA": 2.258615063012818, "RandomForestRegressor:PFE": 0.8245223683937631, "RandomForestRegressor:PLUG": 2.9701326612949392}}