{"R2": {"RandomForestRegressor:AMZN": 0.2866503376071186, "RandomForestRegressor:MSFT": 0.2237179343181303, "RandomForestRegressor:GOOGL": 0.23909388363997527, "RandomForestRegressor:DPZ": 0.2354806504516834, "RandomForestRegressor:DIS": 0.17312567532004916, "RandomForestRegressor:TMO": 0.2607086608351809, "RandomForestRegressor:AAPL": 0.24283664749775533, "RandomForestRegressor:IBM": 0.26756920082152147, "RandomForestRegressor:SPY": 0.246944230684413, "RandomForestRegressor:CMCSA": 0.2887378702880019, "RandomForestRegressor:TSLA": 0.26915726323506745, "RandomForestRegressor:PFE": 0.32656590904209076, "RandomForestRegressor:PLUG": 0.3540777282837132}, "MAPE": {"RandomForestRegressor:AMZN": 1.0215661385959665, "RandomForestRegressor:MSFT": 1.0242971320759782, "RandomForestRegressor:GOOGL": 1.2418561138416417, "RandomForestRegressor:DPZ": 1.2891864198140819, "RandomForestRegressor:DIS": 1.0399921329381137, "RandomForestRegressor:TMO": 1.0954695348101935, "RandomForestRegressor:AAPL": 1.2541442959913904, "RandomForestRegressor:IBM": 1.0174564504789712, "RandomForestRegressor:SPY": 0.6598057674703499, "RandomForestRegressor:CMCSA": 0.9461719975408925, "RandomForestRegressor:TSLA": 2.3895366302996326, "RandomForestRegressor:PFE": 0.9785432038331813, "RandomForestRegressor:PLUG": 2.230989189488351}}