{"R2": {"AdaBoostRegressor:AMZN": 0.2695343309875918, "AdaBoostRegressor:MSFT": 0.28322985665230516, "AdaBoostRegressor:GOOGL": 0.25754139856506975, "AdaBoostRegressor:DPZ": 0.28041787892533904, "AdaBoostRegressor:DIS": 0.19973914276271212, "AdaBoostRegressor:TMO": 0.27383524230386486, "AdaBoostRegressor:AAPL": 0.2967524005779552, "AdaBoostRegressor:IBM": 0.2861321176193285, "AdaBoostRegressor:SPY": 0.29309758285791115, "AdaBoostRegressor:CMCSA": 0.31780548211031656, "AdaBoostRegressor:TSLA": 0.334426102047976, "AdaBoostRegressor:PFE": 0.4113028874682514, "AdaBoostRegressor:PLUG": 0.38252211707009265}, "MAPE": {"AdaBoostRegressor:AMZN": 0.9863677292440576, "AdaBoostRegressor:MSFT": 1.0068446171693997, "AdaBoostRegressor:GOOGL": 1.1876710156467207, "AdaBoostRegressor:DPZ": 1.2793215141111713, "AdaBoostRegressor:DIS": 1.018053986468058, "AdaBoostRegressor:TMO": 1.061774815760418, "AdaBoostRegressor:AAPL": 1.2307796265269433, "AdaBoostRegressor:IBM": 1.0213201163706787, "AdaBoostRegressor:SPY": 0.6424409208200345, "AdaBoostRegressor:CMCSA": 0.9422933518494665, "AdaBoostRegressor:TSLA": 2.286094700240156, "AdaBoostRegressor:PFE": 0.9578848465245093, "AdaBoostRegressor:PLUG": 2.167829842645242}}