{"R2": {"AdaBoostRegressor:AMZN": -0.13902869128562564, "AdaBoostRegressor:MSFT": 0.06306742287155769, "AdaBoostRegressor:GOOGL": 0.08875514922909192, "AdaBoostRegressor:DPZ": -0.02287046465396485, "AdaBoostRegressor:DIS": 0.03665121803182819, "AdaBoostRegressor:TMO": 0.15875793713783093, "AdaBoostRegressor:AAPL": 0.0897618101903572, "AdaBoostRegressor:IBM": 0.044177165844294944, "AdaBoostRegressor:SPY": -0.009991293854246764, "AdaBoostRegressor:CMCSA": -0.05397764466713876, "AdaBoostRegressor:TSLA": 0.09970175639130316, "AdaBoostRegressor:PFE": 0.010887277148376428, "AdaBoostRegressor:PLUG": 0.00869247826000764}, "MAPE": {"AdaBoostRegressor:AMZN": 0.8133545440961798, "AdaBoostRegressor:MSFT": 0.9161493049915919, "AdaBoostRegressor:GOOGL": 0.8883305926484963, "AdaBoostRegressor:DPZ": 1.154137596244737, "AdaBoostRegressor:DIS": 1.0628198560847597, "AdaBoostRegressor:TMO": 1.0966582781276566, "AdaBoostRegressor:AAPL": 1.1847276329030272, "AdaBoostRegressor:IBM": 0.9324091054848409, "AdaBoostRegressor:SPY": 0.5795054272563241, "AdaBoostRegressor:CMCSA": 0.9834140320223985, "AdaBoostRegressor:TSLA": 2.1965543122293867, "AdaBoostRegressor:PFE": 0.8198890104935257, "AdaBoostRegressor:PLUG": 2.8744609932294547}}