{"R2": {"AdaBoostRegressor:AMZN": 0.32671436415448407, "AdaBoostRegressor:MSFT": 0.31052255946314533, "AdaBoostRegressor:GOOGL": 0.36860080515120064, "AdaBoostRegressor:DPZ": 0.31493016948853747, "AdaBoostRegressor:DIS": 0.3545101434272099, "AdaBoostRegressor:TMO": 0.303295310259009}, "MAPE": {"AdaBoostRegressor:AMZN": 1.355107524534898, "AdaBoostRegressor:MSFT": 1.2227920118823377, "AdaBoostRegressor:GOOGL": 1.2017765486236835, "AdaBoostRegressor:DPZ": 1.0789351900591906, "AdaBoostRegressor:DIS": 0.9895520293435668, "AdaBoostRegressor:TMO": 0.9944363170433327}}