{"SMA-3:AMZN": 1.7144674585103772, "SMA-3:MSFT": 1.4801403389308012, "SMA-3:GOOGL": 1.555777864090158, "SMA-3:DPZ": 1.2987142680617731, "SMA-3:DIS": 1.2126458546028518, "SMA-3:TMO": 1.1686566100965148}