{"SMA-10:AMZN": 0.9486684251509315, "SMA-10:MSFT": 1.0026236197093725, "SMA-10:GOOGL": 0.9774410347690845, "SMA-10:DPZ": 1.300645613278683, "SMA-10:DIS": 1.0570534807086307, "SMA-10:TMO": 1.2540445508328906}