{"SMA-3:AAPL": 2.463764188274868, "SMA-3:IBM": 0.856237700709775}